Workbook

Sheet Constants
A1: Parameter | B1: Value | C1: Notes
A2: Total poverty line (annual NPR/cap) | B2: 72908 | C2: NLSS IV pline (constant nationally; deflator built into pcep)
A3: Food poverty line (annual NPR/cap) | B3: 35029 | C3: NLSS IV fpline
A4: Months per year | B4: 12 | C4: Used to convert annual <-> monthly
A6: Note: any number formatted in BLUE is an input you can change.

Sheet Data
A1: psu_number | B1: hh_number | C1: ind_wt | D1: hhsize | E1: adult_equiv | F1: paasche | G1: hh_comm_total_30d | H1: pcep_annual_real | I1: pcep_monthly_real | J1: oop_per_capita_annual_nominal | K1: oop_per_capita_annual_real | L1: oop_per_capita_monthly_nominal | M1: oop_per_capita_monthly_real | N1: pcep_net_annual_real | O1: pcep_net_monthly_real | P1: poor_before | Q1: poor_after | R1: newly_poor_due_to_oop | S1: poor_official
A2: PSU identifier | B2: Household number within PSU | C2: Individual sampling weight | D2: Household size (members) | E2: Adult equivalents (Citro-Michael) | F2: Spatial price index (deflator) | G2: General Health OOP, past 30 days, NPR | H2: Per-cap real consumption, NPR/yr (= pcep) | I2: Per-cap real consumption, NPR/month | J2: Per-cap OOP, NPR/yr (no deflation) | K2: Per-cap OOP, NPR/yr (deflated by paasche) | L2: Per-cap OOP, NPR/month (no deflation) | M2: Per-cap OOP, NPR/month (deflated) | N2: Real consumption net of OOP, NPR/yr | O2: Real consumption net of OOP, NPR/month | P2: 1 if pcep < pline (matches official) | Q2: 1 if pcep_net < pline (post-OOP) | R2: 1 if pushed below line by OOP | S2: Stored official 'poor' flag (verification)
A3: 4001 | B3: 1 | C3: 939.12341 | D3: 2 | E3: 1.3554029 | F3: 0.97923588 | G3: 0 | H3: 130890.01 | I3: =H3/Constants!$B$4 -> 10907.501 | J3: =G3*Constants!$B$4/D3 -> 0 | K3: =J3/F3 -> 0 | L3: =G3/D3 -> 0 | M3: =L3/F3 -> 0 | N3: =H3-K3 -> 130890.01 | O3: =I3-M3 -> 10907.501 | P3: =IF(H3<Constants!$B$2,1,0) -> 0 | Q3: =IF(N3<Constants!$B$2,1,0) -> 0 | R3: =IF(AND(P3=0,Q3=1),1,0) -> 0 | S3: 0
A4: 4001 | B4: 2 | C4: 939.12341 | D4: 2 | E4: 1.6817929 | F4: 0.91693735 | G4: 0 | H4: 127649.7 | I4: =H4/Constants!$B$4 -> 10637.475 | J4: =G4*Constants!$B$4/D4 -> 0 | K4: =J4/F4 -> 0 | L4: =G4/D4 -> 0 | M4: =L4/F4 -> 0 | N4: =H4-K4 -> 127649.7 | O4: =I4-M4 -> 10637.475 | P4: =IF(H4<Constants!$B$2,1,0) -> 0 | Q4: =IF(N4<Constants!$B$2,1,0) -> 0 | R4: =IF(AND(P4=0,Q4=1),1,0) -> 0 | S4: 0
A5: 4001 | B5: 3 | C5: 939.12341 | D5: 2 | E5: 1.3554029 | F5: 1.0219056 | G5: 700 | H5: 131512.55 | I5: =H5/Constants!$B$4 -> 10959.379 | J5: =G5*Constants!$B$4/D5 -> 4200 | K5: =J5/F5 -> 4109.9688 | L5: =G5/D5 -> 350 | M5: =L5/F5 -> 342.4974 | N5: =H5-K5 -> 127402.58 | O5: =I5-M5 -> 10616.882 | P5: =IF(H5<Constants!$B$2,1,0) -> 0 | Q5: =IF(N5<Constants!$B$2,1,0) -> 0 | R5: =IF(AND(P5=0,Q5=1),1,0) -> 0 | S5: 0
A6: 4001 | B6: 4 | C6: 1408.6851 | D6: 3 | E6: 2.2795072 | F6: 0.9670999 | G6: 0 | H6: 80817.578 | I6: =H6/Constants!$B$4 -> 6734.7982 | J6: =G6*Constants!$B$4/D6 -> 0 | K6: =J6/F6 -> 0 | L6: =G6/D6 -> 0 | M6: =L6/F6 -> 0 | N6: =H6-K6 -> 80817.578 | O6: =I6-M6 -> 6734.7982 | P6: =IF(H6<Constants!$B$2,1,0) -> 0 | Q6: =IF(N6<Constants!$B$2,1,0) -> 0 | R6: =IF(AND(P6=0,Q6=1),1,0) -> 0 | S6: 0
A7: 4001 | B7: 5 | C7: 939.12341 | D7: 2 | E7: 1.3554029 | F7: 0.91018833 | G7: 0 | H7: 64669.008 | I7: =H7/Constants!$B$4 -> 5389.084 | J7: =G7*Constants!$B$4/D7 -> 0 | K7: =J7/F7 -> 0 | L7: =G7/D7 -> 0 | M7: =L7/F7 -> 0 | N7: =H7-K7 -> 64669.008 | O7: =I7-M7 -> 5389.084 | P7: =IF(H7<Constants!$B$2,1,0) -> 1 | Q7: =IF(N7<Constants!$B$2,1,0) -> 1 | R7: =IF(AND(P7=0,Q7=1),1,0) -> 0 | S7: 1
A8: 4001 | B8: 6 | C8: 1878.2468 | D8: 4 | E8: 2.2795072 | F8: 1.0803071 | G8: 0 | H8: 187491.72 | I8: =H8/Constants!$B$4 -> 15624.31 | J8: =G8*Constants!$B$4/D8 -> 0 | K8: =J8/F8 -> 0 | L8: =G8/D8 -> 0 | M8: =L8/F8 -> 0 | N8: =H8-K8 -> 187491.72 | O8: =I8-M8 -> 15624.31 | P8: =IF(H8<Constants!$B$2,1,0) -> 0 | Q8: =IF(N8<Constants!$B$2,1,0) -> 0 | R8: =IF(AND(P8=0,Q8=1),1,0) -> 0 | S8: 0
A9: 4001 | B9: 7 | C9: 1878.2468 | D9: 4 | E9: 2.5588865 | F9: 0.93734346 | G9: 2100 | H9: 120664.71 | I9: =H9/Constants!$B$4 -> 10055.393 | J9: =G9*Constants!$B$4/D9 -> 6300 | K9: =J9/F9 -> 6721.1222 | L9: =G9/D9 -> 525 | M9: =L9/F9 -> 560.09352 | N9: =H9-K9 -> 113943.59 | O9: =I9-M9 -> 9495.2991 | P9: =IF(H9<Constants!$B$2,1,0) -> 0 | Q9: =IF(N9<Constants!$B$2,1,0) -> 0 | R9: =IF(AND(P9=0,Q9=1),1,0) -> 0 | S9: 0
A10: 4001 | B10: 8 | C10: 1878.2468 | D10: 4 | E10: 1.9881768 | F10: 1.0425969 | G10: 0 | H10: 97218.625 | I10: =H10/Constants!$B$4 -> 8101.5521 | J10: =G10*Constants!$B$4/D10 -> 0 | K10: =J10/F10 -> 0 | L10: =G10/D10 -> 0 | M10: =L10/F10 -> 0 | N10: =H10-K10 -> 97218.625 | O10: =I10-M10 -> 8101.5521 | P10: =IF(H10<Constants!$B$2,1,0) -> 0 | Q10: =IF(N10<Constants!$B$2,1,0) -> 0 | R10: =IF(AND(P10=0,Q10=1),1,0) -> 0 | S10: 0
A11: 4001 | B11: 9 | C11: 2347.8086 | D11: 5 | E11: 3.0896506 | F11: 1.0618991 | G11: 1950 | H11: 128851.47 | I11: =H11/Constants!$B$4 -> 10737.622 | J11: =G11*Constants!$B$4/D11 -> 4680 | K11: =J11/F11 -> 4407.1985 | L11: =G11/D11 -> 390 | M11: =L11/F11 -> 367.26654 | N11: =H11-K11 -> 124444.27 | O11: =I11-M11 -> 10370.356 | P11: =IF(H11<Constants!$B$2,1,0) -> 0 | Q11: =IF(N11<Constants!$B$2,1,0) -> 0 | R11: =IF(AND(P11=0,Q11=1),1,0) -> 0 | S11: 0
A12: 4001 | B12: 10 | C12: 2347.8086 | D12: 5 | E12: 2.8284271 | F12: 1.0564923 | G12: 0 | H12: 141073.61 | I12: =H12/Constants!$B$4 -> 11756.134 | J12: =G12*Constants!$B$4/D12 -> 0 | K12: =J12/F12 -> 0 | L12: =G12/D12 -> 0 | M12: =L12/F12 -> 0 | N12: =H12-K12 -> 141073.61 | O12: =I12-M12 -> 11756.134 | P12: =IF(H12<Constants!$B$2,1,0) -> 0 | Q12: =IF(N12<Constants!$B$2,1,0) -> 0 | R12: =IF(AND(P12=0,Q12=1),1,0) -> 0 | S12: 0
A13: 4001 | B13: 11 | C13: 2817.3701 | D13: 6 | E13: 3.5914681 | F13: 1.0510138 | G13: 0 | H13: 201177.81 | I13: =H13/Constants!$B$4 -> 16764.818 | J13: =G13*Constants!$B$4/D13 -> 0 | K13: =J13/F13 -> 0 | L13: =G13/D13 -> 0 | M13: =L13/F13 -> 0 | N13: =H13-K13 -> 201177.81 | O13: =I13-M13 -> 16764.818 | P13: =IF(H13<Constants!$B$2,1,0) -> 0 | Q13: =IF(N13<Constants!$B$2,1,0) -> 0 | R13: =IF(AND(P13=0,Q13=1),1,0) -> 0 | S13: 0
A14: 4001 | B14: 12 | C14: 3756.4937 | D14: 8 | E14: 4.0708494 | F14: 0.97508203 | G14: 0 | H14: 76220.336 | I14: =H14/Constants!$B$4 -> 6351.6947 | J14: =G14*Constants!$B$4/D14 -> 0 | K14: =J14/F14 -> 0 | L14: =G14/D14 -> 0 | M14: =L14/F14 -> 0 | N14: =H14-K14 -> 76220.336 | O14: =I14-M14 -> 6351.6947 | P14: =IF(H14<Constants!$B$2,1,0) -> 0 | Q14: =IF(N14<Constants!$B$2,1,0) -> 0 | R14: =IF(AND(P14=0,Q14=1),1,0) -> 0 | S14: 0
... A9602: 4800 | B9602: 12 | C9602: 6047.9189 | D9602: 13 | E9602: 5.4111891 | F9602: 0.87614187 | G9602: 1700 | H9602: 87882.023 | I9602: =H9602/Constants!$B$4 -> 7323.502 | J9602: =G9602*Constants!$B$4/D9602 -> 1569.2308 | K9602: =J9602/F9602 -> 1791.0693 | L9602: =G9602/D9602 -> 130.76923 | M9602: =L9602/F9602 -> 149.25577 | N9602: =H9602-K9602 -> 86090.954 | O9602: =I9602-M9602 -> 7174.2462 | P9602: =IF(H9602<Constants!$B$2,1,0) -> 0 | Q9602: =IF(N9602<Constants!$B$2,1,0) -> 0 | R9602: =IF(AND(P9602=0,Q9602=1),1,0) -> 0 | S9602: 0
